{
    "0": {
        "precision": 0.9997065081810844,
        "recall": 0.9956156375593715,
        "f1-score": 0.9976568792560592,
        "support": 13685
    },
    "1": {
        "precision": 0.9908772996807055,
        "recall": 0.9993865971476767,
        "f1-score": 0.9951137578256222,
        "support": 6521
    },
    "accuracy": 0.9968326239730773,
    "macro avg": {
        "precision": 0.995291903930895,
        "recall": 0.9975011173535242,
        "f1-score": 0.9963853185408407,
        "support": 20206
    },
    "weighted avg": {
        "precision": 0.9968570937185005,
        "recall": 0.9968326239730773,
        "f1-score": 0.9968361480451379,
        "support": 20206
    }
}